{
  "id": "",
  "name": "",
  "font_family": "iconfont",
  "css_prefix_text": "icon-",
  "description": "",
  "glyphs": [
    {
      "icon_id": "992",
      "name": "话费",
      "font_class": "huafei",
      "unicode": "f003f",
      "unicode_decimal": 983103
    },
    {
      "icon_id": "1306",
      "name": "购物车空",
      "font_class": "gouwuchekong",
      "unicode": "f0179",
      "unicode_decimal": 983417
    },
    {
      "icon_id": "554491",
      "name": "水滴",
      "font_class": "iconset0457",
      "unicode": "e750",
      "unicode_decimal": 59216
    },
    {
      "icon_id": "851707",
      "name": "关闭",
      "font_class": "guanbi",
      "unicode": "e61b",
      "unicode_decimal": 58907
    },
    {
      "icon_id": "980420",
      "name": "earth",
      "font_class": "earth",
      "unicode": "e6d5",
      "unicode_decimal": 59093
    },
    {
      "icon_id": "1053832",
      "name": "企业",
      "font_class": "webicon07",
      "unicode": "e671",
      "unicode_decimal": 58993
    },
    {
      "icon_id": "1284131",
      "name": "火车票",
      "font_class": "huochepiao",
      "unicode": "e638",
      "unicode_decimal": 58936
    },
    {
      "icon_id": "1304951",
      "name": "列表",
      "font_class": "liebiao",
      "unicode": "e62d",
      "unicode_decimal": 58925
    },
    {
      "icon_id": "2525720",
      "name": "人事",
      "font_class": "fl-renshi",
      "unicode": "e62c",
      "unicode_decimal": 58924
    },
    {
      "icon_id": "2803733",
      "name": "理财",
      "font_class": "licai",
      "unicode": "e6aa",
      "unicode_decimal": 59050
    },
    {
      "icon_id": "3833040",
      "name": "酒店",
      "font_class": "-",
      "unicode": "e601",
      "unicode_decimal": 58881
    },
    {
      "icon_id": "3897886",
      "name": "飞机",
      "font_class": "feiji-",
      "unicode": "e610",
      "unicode_decimal": 58896
    },
    {
      "icon_id": "5301930",
      "name": "搜索",
      "font_class": "sousuo",
      "unicode": "e62e",
      "unicode_decimal": 58926
    },
    {
      "icon_id": "6170868",
      "name": "相机",
      "font_class": "xiangji",
      "unicode": "e61d",
      "unicode_decimal": 58909
    },
    {
      "icon_id": "6207866",
      "name": "人民币",
      "font_class": "ziyuanldpi",
      "unicode": "e630",
      "unicode_decimal": 58928
    },
    {
      "icon_id": "6460215",
      "name": "白条",
      "font_class": "baitiao",
      "unicode": "e61a",
      "unicode_decimal": 58906
    },
    {
      "icon_id": "6460218",
      "name": "电影票",
      "font_class": "dianyingpiao",
      "unicode": "e61c",
      "unicode_decimal": 58908
    },
    {
      "icon_id": "7218793",
      "name": "游戏",
      "font_class": "youxi",
      "unicode": "e60a",
      "unicode_decimal": 58890
    },
    {
      "icon_id": "7863862",
      "name": "shinshop 礼品卡",
      "font_class": "shinshoplipinqia",
      "unicode": "e623",
      "unicode_decimal": 58915
    },
    {
      "icon_id": "8103434",
      "name": "位置",
      "font_class": "danseshixintubiao-",
      "unicode": "e635",
      "unicode_decimal": 58933
    },
    {
      "icon_id": "9685743",
      "name": "上一个02",
      "font_class": "left_x",
      "unicode": "e6a3",
      "unicode_decimal": 59043
    },
    {
      "icon_id": "9685749",
      "name": "下一个02",
      "font_class": "right_x",
      "unicode": "e6a4",
      "unicode_decimal": 59044
    }
  ]
}
